Metric,Target,K,Kendall_Universe_N,MORFR_TopK_In_Universe,Observed_Overlap,Expected_Overlap_Random,Fold_Enrichment,P_Hypergeometric,Q_BH_42_TopK_Tests,Matched_Genes_N,Kendall_Tau,P_Kendall_Tau,Q_BH_7_Tau_Tests
Top-k overlap,Age,25,17712.0,24.0,12.0,0.03387533875338753,354.24,7.035081531911763e-30,3.2830380482254897e-29,,,,
Top-k overlap,Age,50,17712.0,49.0,13.0,0.13832429990966577,93.98204081632653,3.2185447314371247e-23,1.228898897457811e-22,,,,
Top-k overlap,Age,100,17712.0,94.0,23.0,0.530713640469738,43.337872340425534,4.6692161307228677e-32,2.4513384686295058e-31,,,,
Top-k overlap,Age,250,17712.0,242.0,53.0,3.4157633242999097,15.516297520661157,3.2651163899031037e-48,2.2855814729321726e-47,,,,
Top-k overlap,Age,500,17712.0,476.0,102.0,13.437217705510388,7.590857142857143,4.266475641673692e-61,3.5838395390059014e-60,,,,
Top-k overlap,Age,1000,17712.0,961.0,244.0,54.257000903342366,4.497115504682623,1.0266290326688678e-97,4.3118419372092454e-96,,,,
Top-k overlap,SjD Diagnosis,25,5957.0,21.0,11.0,0.0881316098707403,124.81333333333335,1.849189931509575e-22,6.472164760283512e-22,,,,
Top-k overlap,SjD Diagnosis,50,5957.0,37.0,11.0,0.3105590062111801,35.42,3.2807175375289408e-15,7.655007587567529e-15,,,,
Top-k overlap,SjD Diagnosis,100,5957.0,64.0,13.0,1.074366291757596,12.100156250000001,2.4618984547439202e-11,4.308322295801861e-11,,,,
Top-k overlap,SjD Diagnosis,250,5957.0,168.0,32.0,7.050528789659224,4.538666666666667,2.1061907363375245e-13,4.0209095875534555e-13,,,,
Top-k overlap,SjD Diagnosis,500,5957.0,318.0,70.0,26.69128756085278,2.622578616352201,9.268440916577828e-15,2.0488132552435198e-14,,,,
Top-k overlap,SjD Diagnosis,1000,5957.0,618.0,160.0,103.74349504784287,1.5422653721682849,8.387893548527334e-10,1.214798375993614e-09,,,,
Top-k overlap,Focus Score,25,11272.0,24.0,2.0,0.053229240596167494,37.57333333333333,0.0012650364234682372,0.0012650364234682372,,,,
Top-k overlap,Focus Score,50,11272.0,47.0,17.0,0.20848119233498935,81.54212765957448,1.1678459104180286e-29,4.90495282375572e-29,,,,
Top-k overlap,Focus Score,100,11272.0,86.0,26.0,0.7629524485450674,34.078139534883725,6.359912139993762e-34,3.815947283996257e-33,,,,
Top-k overlap,Focus Score,250,11272.0,215.0,74.0,4.768452803406672,15.518660465116279,2.3716680682792672e-70,3.3203352955909744e-69,,,,
Top-k overlap,Focus Score,500,11272.0,413.0,122.0,18.31973030518098,6.6594866828087165,2.1107145548036872e-69,2.2162502825438718e-68,,,,
Top-k overlap,Focus Score,1000,11272.0,833.0,252.0,73.8999290276792,3.410016806722689,1.4089898515361478e-77,2.9588786882259106e-76,,,,
Top-k overlap,SSA,25,6387.0,21.0,4.0,0.08219821512447158,48.66285714285715,1.0450223174625582e-06,1.0972734333356863e-06,,,,
Top-k overlap,SSA,50,6387.0,38.0,6.0,0.29747925473618286,20.169473684210526,3.8577407166921213e-07,4.3790570297586243e-07,,,,
Top-k overlap,SSA,100,6387.0,73.0,11.0,1.1429466103021764,9.624246575342465,1.2640503354706401e-08,1.6087913360535422e-08,,,,
Top-k overlap,SSA,250,6387.0,178.0,38.0,6.96727728197902,5.4540674157303375,1.5797223114292376e-18,4.739166934287713e-18,,,,
Top-k overlap,SSA,500,6387.0,338.0,68.0,26.459996868639426,2.5699171597633135,8.716784297951707e-14,1.7433568595903414e-13,,,,
Top-k overlap,SSA,1000,6387.0,635.0,143.0,99.42069829340849,1.4383322834645669,1.0166071345991574e-06,1.0948076834144773e-06,,,,
Top-k overlap,SSB,25,5269.0,23.0,6.0,0.10912886695767698,54.98086956521739,5.722848715904846e-10,8.584273073857269e-10,,,,
Top-k overlap,SSB,50,5269.0,42.0,14.0,0.3985576010628203,35.126666666666665,2.889493174361876e-19,9.335285640246061e-19,,,,
Top-k overlap,SSB,100,5269.0,66.0,17.0,1.2526096033402923,13.571666666666667,1.5681966562571888e-15,4.390950637520129e-15,,,,
Top-k overlap,SSB,250,5269.0,154.0,35.0,7.306889352818372,4.79,1.720825179685112e-15,4.517166096673419e-15,,,,
Top-k overlap,SSB,500,5269.0,291.0,72.0,27.61434807363826,2.607340206185567,2.9095244718047445e-15,7.188236930341133e-15,,,,
Top-k overlap,SSB,1000,5269.0,503.0,153.0,95.46403492123743,1.6026978131212724,5.055170208613573e-11,8.492685950470803e-11,,,,
Top-k overlap,ANA,25,5933.0,25.0,8.0,0.10534299679757289,75.9424,2.9554097436118203e-14,6.206360461584823e-14,,,,
Top-k overlap,ANA,50,5933.0,41.0,10.0,0.3455250294960391,28.94146341463415,6.435579964477995e-13,1.1751928630785902e-12,,,,
Top-k overlap,ANA,100,5933.0,77.0,12.0,1.2978257205460981,9.246233766233766,3.9962213672074165e-09,5.414235400732628e-09,,,,
Top-k overlap,ANA,250,5933.0,165.0,21.0,6.952637788639811,3.0204363636363634,4.70172059807411e-06,4.816396710222259e-06,,,,
Top-k overlap,ANA,500,5933.0,323.0,62.0,27.22063037249284,2.2776842105263158,2.273800415711836e-10,3.537022868885078e-10,,,,
Top-k overlap,ANA,1000,5933.0,611.0,155.0,102.98331366930726,1.5050981996726678,1.0347442340557311e-08,1.3581018071981472e-08,,,,
Top-k overlap,RF,25,5486.0,22.0,5.0,0.1002551950419249,49.872727272727275,3.2140589410598276e-08,3.97030810366214e-08,,,,
Top-k overlap,RF,50,5486.0,42.0,9.0,0.38279256288734964,23.51142857142857,7.250886050483357e-11,1.171296977385773e-10,,,,
Top-k overlap,RF,100,5486.0,74.0,11.0,1.3488880787458986,8.154864864864866,6.831365250196583e-08,7.969926125229347e-08,,,,
Top-k overlap,RF,250,5486.0,159.0,23.0,7.245716368939118,3.1742893081761006,6.235884473357646e-07,6.892293365290029e-07,,,,
Top-k overlap,RF,500,5486.0,309.0,58.0,28.162595698140723,2.0594692556634304,3.9029552705516204e-08,4.683546324661944e-08,,,,
Top-k overlap,RF,1000,5486.0,583.0,162.0,106.2705067444404,1.5244116638078902,1.1369964306878657e-09,1.591795002963012e-09,,,,
"Kendall tau within MORFR top 1,000",Age,1000,,,,,,,,961.0,0.157969129379119,2.263868491053976e-13,2.263868491053976e-13
"Kendall tau within MORFR top 1,000",SjD Diagnosis,1000,,,,,,,,618.0,0.26340524408218075,1.1890185377574742e-22,2.774376588100773e-22
"Kendall tau within MORFR top 1,000",Focus Score,1000,,,,,,,,833.0,0.23873972665989474,6.091569563340892e-25,2.1320493471693123e-24
"Kendall tau within MORFR top 1,000",SSA,1000,,,,,,,,635.0,0.21894731612807075,1.5421080779050663e-16,2.698689136333866e-16
"Kendall tau within MORFR top 1,000",SSB,1000,,,,,,,,503.0,0.22739261641307532,2.4727539668100437e-14,3.461855553534061e-14
"Kendall tau within MORFR top 1,000",ANA,1000,,,,,,,,611.0,0.2818974537844437,1.962958902252837e-25,1.374071231576986e-24
"Kendall tau within MORFR top 1,000",RF,1000,,,,,,,,583.0,0.2077947339569592,6.218328362411983e-14,7.254716422813981e-14
